INSERT INTO students (student_name, email, program, enrollment_year) VALUES
('Juan Pérez', 'juan.perez@email.com', 'Ingeniería de Software', '2020-09-01'),
('María García', 'maria.garcia@email.com', 'Ciencias de la Computación', '2021-09-01'),
('Carlos López', 'carlos.lopez@email.com', 'Inteligencia Artificial', '2019-09-01'),
('Ana Rodríguez', 'ana.rodriguez@email.com', 'Ingeniería de Sistemas', '2022-09-01'),
('Pedro Sánchez', 'pedro.sanchez@email.com', 'Seguridad Informática', '2020-09-01'),
('Laura Martínez', 'laura.martinez@email.com', 'Desarrollo de Videojuegos', '2021-09-01'),
('Miguel González', 'miguel.gonzalez@email.com', 'Ingeniería de Software', '2019-09-01'),
('Sofía Hernández', 'sofia.hernandez@email.com', 'Ciencia de Datos', '2022-09-01'),
('Jorge Díaz', 'jorge.diaz@email.com', 'Redes y Telecomunicaciones', '2020-09-01'),
('Elena Ruiz', 'elena.ruiz@email.com', 'Inteligencia Artificial', '2021-09-01'),
('Diego Morales', 'diego.morales@email.com', 'Ingeniería de Software', '2019-09-01'),
('Carmen Vargas', 'carmen.vargas@email.com', 'Ciberseguridad', '2022-09-01'),
('Fernando Castro', 'fernando.castro@email.com', 'Desarrollo Web', '2020-09-01'),
('Isabel Ortega', 'isabel.ortega@email.com', 'Base de Datos', '2021-09-01'),
('Ricardo Navarro', 'ricardo.navarro@email.com', 'Inteligencia de Negocios', '2019-09-01'),
('Patricia Silva', 'patricia.silva@email.com', 'Ingeniería de Software', '2022-09-01'),
('Roberto Mendoza', 'roberto.mendoza@email.com', 'Machine Learning', '2020-09-01'),
('Lucía Rojas', 'lucia.rojas@email.com', 'Computación en la Nube', '2021-09-01'),
('José Herrera', 'jose.herrera@email.com', 'DevOps', '2019-09-01'),
('Mónica Vega', 'monica.vega@email.com', 'Realidad Virtual', '2022-09-01'),
('Alberto Campos', 'alberto.campos@email.com', 'Blockchain', '2020-09-01'),
('Adriana Paredes', 'adriana.paredes@email.com', 'IoT', '2021-09-01'),
('Andrés Guerrero', 'andres.guerrero@email.com', 'Ingeniería de Software', '2019-09-01'),
('Raquel Salazar', 'raquel.salazar@email.com', 'Computer Graphics', '2022-09-01'),
('Sergio Méndez', 'sergio.mendez@email.com', 'Robótica', '2020-09-01');


INSERT INTO teachers (teacher_name, email) VALUES
('Dr. Alejandro Ramírez', 'alejandro.ramirez@uni.edu'),
('Dra. Beatriz Salinas', 'beatriz.salinas@uni.edu'),
('Mtro. César Ríos', 'cesar.rios@uni.edu'),
('Dra. Daniela Mendoza', 'daniela.mendoza@uni.edu'),
('Dr. Ernesto Torres', 'ernesto.torres@uni.edu'),
('Mtra. Fabiola Reyes', 'fabiola.reyes@uni.edu'),
('Dr. Gabriel Ponce', 'gabriel.ponce@uni.edu'),
('Dra. Hortensia Luna', 'hortensia.luna@uni.edu'),
('Mtro. Ignacio Soto', 'ignacio.soto@uni.edu'),
('Dra. Jimena Cervantes', 'jimena.cervantes@uni.edu'),
('Dr. Kevin Ortega', 'kevin.ortega@uni.edu'),
('Mtra. Liliana Jiménez', 'liliana.jimenez@uni.edu'),
('Dr. Manuel Duarte', 'manuel.duarte@uni.edu'),
('Dra. Nadia Campos', 'nadia.campos@uni.edu'),
('Mtro. Óscar Peña', 'oscar.pena@uni.edu'),
('Dra. Paulina Rocha', 'paulina.rocha@uni.edu'),
('Dr. Rodrigo Méndez', 'rodrigo.mendez@uni.edu'),
('Mtra. Sara Gallegos', 'sara.gallegos@uni.edu'),
('Dr. Tomás Vera', 'tomas.vera@uni.edu'),
('Dra. Valeria Espinoza', 'valeria.espinoza@uni.edu'),
('Mtro. Walter Zambrano', 'walter.zambrano@uni.edu'),
('Dra. Ximena Ruiz', 'ximena.ruiz@uni.edu'),
('Dr. Yamil Cárdenas', 'yamil.cardenas@uni.edu'),
('Mtra. Zoraida Figueroa', 'zoraida.figueroa@uni.edu'),
('Dr. Arturo Núñez', 'arturo.nunez@uni.edu');


INSERT INTO courses (code, course_name, credits) VALUES
('CS101', 'Introducción a la Programación', 4),
('CS102', 'Estructuras de Datos', 5),
('CS201', 'Algoritmos Avanzados', 6),
('CS202', 'Base de Datos I', 4),
('CS203', 'Redes de Computadoras', 5),
('CS301', 'Inteligencia Artificial', 6),
('CS302', 'Ingeniería de Software', 5),
('CS303', 'Sistemas Operativos', 5),
('CS304', 'Arquitectura de Computadoras', 4),
('CS401', 'Machine Learning', 6),
('CS402', 'Computación en la Nube', 5),
('CS403', 'Desarrollo Web Avanzado', 5),
('CS404', 'Ciberseguridad', 6),
('CS405', 'Blockchain', 4),
('CS501', 'Proyecto de Titulación I', 8),
('CS502', 'Proyecto de Titulación II', 8),
('MATH101', 'Cálculo Diferencial', 4),
('MATH201', 'Cálculo Integral', 4),
('MATH301', 'Álgebra Lineal', 5),
('PHYS101', 'Física para Computación', 4),
('STAT101', 'Estadística Descriptiva', 4),
('STAT201', 'Probabilidad', 5),
('ENG101', 'Inglés Técnico I', 3),
('ENG201', 'Inglés Técnico II', 3),
('ETH101', 'Ética Profesional', 3);


INSERT INTO groups (course_id, teacher_id, term) VALUES
(1, 1, 'enero-abril'),
(2, 2, 'enero-abril'),
(3, 3, 'mayo-agosto'),
(4, 4, 'mayo-agosto'),
(5, 5, 'septiembre-diciembre'),
(6, 6, 'enero-abril'),
(7, 7, 'enero-abril'),
(8, 8, 'mayo-agosto'),
(9, 9, 'mayo-agosto'),
(10, 10, 'septiembre-diciembre'),
(11, 11, 'enero-abril'),
(12, 12, 'enero-abril'),
(13, 13, 'mayo-agosto'),
(14, 14, 'mayo-agosto'),
(15, 15, 'septiembre-diciembre'),
(16, 16, 'enero-abril'),
(17, 17, 'enero-abril'),
(18, 18, 'mayo-agosto'),
(19, 19, 'mayo-agosto'),
(20, 20, 'septiembre-diciembre'),
(21, 21, 'enero-abril'),
(22, 22, 'enero-abril'),
(23, 23, 'mayo-agosto'),
(24, 24, 'mayo-agosto'),
(25, 25, 'septiembre-diciembre');


INSERT INTO enrollments (student_id, group_id) VALUES
(1, 1), (2, 2), (3, 3), (4, 4), (5, 5),
(6, 6), (7, 7), (8, 8), (9, 9), (10, 10),
(11, 11), (12, 12), (13, 13), (14, 14), (15, 15),
(16, 16), (17, 17), (18, 18), (19, 19), (20, 20),
(21, 21), (22, 22), (23, 23), (24, 24), (25, 25);


INSERT INTO grades (enrollment_id, partial1, partial2, final) VALUES
(1, 85.50, 90.00, 87.75),
(2, 78.00, 82.50, 80.25),
(3, 92.00, 88.50, 90.25),
(4, 65.00, 70.00, 67.50),
(5, 95.00, 93.50, 94.25),
(6, 88.00, 85.50, 86.75),
(7, 76.50, 81.00, 78.75),
(8, 89.00, 91.50, 90.25),
(9, 72.00, 77.50, 74.75),
(10, 96.50, 95.00, 95.75),
(11, 84.00, 83.00, 83.50),
(12, 79.00, 80.50, 79.75),
(13, 87.50, 89.00, 88.25),
(14, 91.00, 86.50, 88.75),
(15, 77.50, 82.00, 79.75),
(16, 83.00, 87.50, 85.25),
(17, 94.00, 92.00, 93.00),
(18, 73.00, 75.00, 74.00),
(19, 86.50, 84.00, 85.25),
(20, 68.00, 72.50, 70.25),
(21, 90.00, 88.50, 89.25),
(22, 82.00, 83.00, 82.50),
(23, 78.50, 85.50, 82.00),
(24, 85.00, 90.00, 87.50),
(25, 93.50, 91.00, 92.25);


INSERT INTO attendance (enrollment_id, attendance_date, present) VALUES
(1, '2024-01-15 08:00:00', true),
(2, '2024-01-15 10:00:00', false),
(3, '2024-01-16 08:00:00', true),
(4, '2024-01-16 10:00:00', true),
(5, '2024-01-17 08:00:00', false),
(6, '2024-01-17 10:00:00', true),
(7, '2024-01-18 08:00:00', true),
(8, '2024-01-18 10:00:00', false),
(9, '2024-01-19 08:00:00', true),
(10, '2024-01-19 10:00:00', true),
(11, '2024-01-22 08:00:00', false),
(12, '2024-01-22 10:00:00', true),
(13, '2024-01-23 08:00:00', true),
(14, '2024-01-23 10:00:00', false),
(15, '2024-01-24 08:00:00', true),
(16, '2024-01-24 10:00:00', true),
(17, '2024-01-25 08:00:00', false),
(18, '2024-01-25 10:00:00', true),
(19, '2024-01-26 08:00:00', true),
(20, '2024-01-26 10:00:00', false),
(21, '2024-01-29 08:00:00', true),
(22, '2024-01-29 10:00:00', true),
(23, '2024-01-30 08:00:00', false),
(24, '2024-01-30 10:00:00', true),
(25, '2024-01-31 08:00:00', true);